Date,Open,High,Low,Close,Shares_Traded,Turnover_Rs_Cr
01-01-2018,10531.7,10537.85,10423.1,10435.55,134532090,7546.56
01-02-2018,10477.55,10495.2,10404.65,10442.2,158092430,8665.47
01-03-2018,10482.65,10503.6,10429.55,10443.2,172516859,9541.6
01-04-2018,10469.4,10513,10441.45,10504.8,180257392,9561.95
01-05-2018,10534.25,10566.1,10520.1,10558.85,186469717,10306.22
01-08-2018,10591.7,10631.2,10588.55,10623.6,174181231,9907.27
01-09-2018,10645.1,10659.15,10603.6,10637,211291563,10733.37
01-10-2018,10652.05,10655.5,10592.7,10632.2,181900014,9720.65
01-11-2018,10637.05,10664.6,10612.35,10651.2,158630055,9635.01
01-12-2018,,10690.4,10597.1,10681.25,180592153,11005.12
1/15/2018,10718.5,10782.65,10713.8,10741.55,181262074,11333.11
1/16/2018,10761.5,10762.35,10687.85,10700.45,217468081,12709.44
1/17/2018,10702.45,10803,10666.75,10788.55,260488465,14334.26
1/18/2018,10873.4,10887.5,10782.4,10817,321609375,17930.3
1/19/2018,10829.2,10906.85,10793.9,10894.7,214011963,11792.26
1/22/2018,10883.2,10975.1,10881.4,10966.2,238815813,14469.06
1/23/2018,10997.4,11092.9,10994.55,11083.7,293445774,16423.91
1/24/2018,11069.35,11110.1,11046.15,11086,292197072,16915.14
1/25/2018,11095.6,11095.6,11009.2,11069.65,340469462,19939.54
1/29/2018,11079.35,11171.55,11075.95,11130.4,249220726,16118.36
1/30/2018,11120.85,11121.1,11033.9,11049.65,234969503,
1/31/2018,11018.8,11058.5,10979.3,11027.7,253462573,14459.69
02-01-2018,11044.55,11117.35,,11016.9,315743486,17719.4
02-02-2018,10938.2,10954.95,10736.1,10760.6,291431992,16542.51
02-05-2018,10604.3,10702.75,10586.8,10666.55,247479157,13980.63
02-06-2018,10295.15,10594.15,10276.3,10498.25,274656443,15606.34
02-07-2018,10607.2,10614,10446.4,10476.7,258095424,13971.66
02-08-2018,10518.5,10637.8,10479.55,10576.85,239407938,12569.23
02-09-2018,10416.5,10480.2,10398.2,10454.95,197502912,10602.15
02-12-2018,10518.2,10555.5,10485.4,10539.75,224114801,11133.78
2/14/2018,10585.75,10590.55,10456.65,10500.9,236329440,12188.94
2/15/2018,10537.9,10618.1,10511.05,10545.5,217090245,11035.38
2/16/2018,10596.2,10612.9,10434.05,10452.3,190043189,10026.71
2/19/2018,10488.9,10489.35,10302.75,10378.4,193087737,9871.36
2/20/2018,10391,10429.35,10347.65,10360.4,193464871,9619.95
2/21/2018,10426,10426.1,10349.6,10397.45,241331542,12996.36
2/22/2018,10354.35,10397.55,10340.65,10382.7,323259078,17711.46
2/23/2018,10408.1,10499.1,10396.65,10491.05,217134363,12704.32
2/26/2018,10526.55,10592.95,10520.2,10582.6,177238616,10274.89
2/27/2018,10615.2,,10537.25,10554.3,193250158,10276.42
2/28/2018,10488.95,10535.5,10461.55,10492.85,294794221,16299.11
03-01-2018,10479.95,10525.5,10447.15,10458.35,181378504,10179.48
03-05-2018,10428.3,10428.7,10323.9,10358.85,199975720,10673.92
03-06-2018,10420.5,10441.35,10215.9,10249.25,229782297,
03-07-2018,10232.95,10243.35,10141.55,10154.2,257200599,12128.88
03-08-2018,10216.25,10270.35,10146.4,10242.65,233377712,11479.51
03-09-2018,10271.3,10296.7,10211.9,10226.85,192333334,9874.81
03-12-2018,10301.6,10433.65,10295.45,10421.4,223135459,10968.95
3/13/2018,10389.5,10478.6,10377.85,10426.85,274852794,23965.25
3/14/2018,10393.05,10420.35,10336.3,10410.9,186991169,9564.68
3/15/2018,10405.45,10420,10346.2,10360.15,179308593,8588.01
3/16/2018,10345.15,10346.3,10180.25,10195.15,338702439,18811.97
3/19/2018,10215.35,10224.55,10075.3,10094.25,216670033,11111.43
3/20/2018,10051.55,10155.65,10049.1,10124.35,209327593,10947.12
3/21/2018,10181.95,,10132.95,10155.25,211060429,11269.73
3/22/2018,10167.5,10207.85,10105.4,10114.75,237632983,11558.88
3/23/2018,9968.8,10027.7,9951.9,9998.05,294515154,14435.17
3/26/2018,9989.15,10143.5,9958.55,10130.65,270665332,12695.47
3/27/2018,10188,10207.9,10139.65,10184.15,232713976,11175.79
3/28/2018,10143.6,10158.35,10096.9,10113.7,354977198,18807.48
04-02-2018,10151.65,10220.1,10127.75,10211.8,223135459,10968.95
04-03-2018,10186.85,10255.35,10171.05,10245,211652029,10167.12
04-04-2018,10274.6,10279.85,10111.3,10128.4,238182921,11861.79
04-05-2018,10228.45,10331.8,10227.45,10325.15,244116235,11674.92
04-06-2018,10322.75,10350.45,10290.85,10331.6,206355691,10131.74
04-09-2018,10333.7,10397.7,10328.5,10379.35,228512954,10714.13
04-10-2018,10412.9,10424.85,10381.5,10402.25,259523888,11905.12
04-11-2018,10428.15,10428.15,10355.6,10417.15,258077363,11790.58
04-12-2018,10410.65,10469.9,10395.25,10458.65,246027888,12249.66
4/13/2018,10495.3,10519.9,10451.45,10480.6,219724716,12354.55
4/16/2018,10398.3,10540.15,10396.35,10528.35,200950876,11242.05
4/17/2018,10557.3,10560.45,10495.65,10548.7,212449535,10501.71
4/18/2018,10578.9,10594.2,10509.7,10526.2,211823044,9888.65
4/19/2018,10563.65,10572.2,10546.2,10565.3,270740891,12559.11
4/20/2018,10560.35,10582.35,10527.45,10564.05,252227268,15372.66
4/23/2018,10592.8,10638.35,10514.95,10584.7,200203196,13642.67
4/24/2018,10578.1,10636.8,10569,10614.35,225972673,12281.53
4/25/2018,10612.4,10612.6,10536.45,10570.55,195129613,11125.11
4/26/2018,10586.5,10628.4,10559.65,10617.8,345536167,19200.41
4/27/2018,10651.65,10719.8,10647.55,10692.3,306671172,16886.89
4/30/2018,10705.75,10759,10704.6,10739.35,179163468,10412.57
05-02-2018,10783.85,10784.65,10689.8,10718.05,236757172,14820.58
05-03-2018,10720.15,10720.6,10647.45,10679.65,190869804,11018.21
05-04-2018,10700.45,10700.45,10601.6,10618.25,192296041,9721.56
05-07-2018,10653.15,10725.65,10635.65,10715.5,173620240,9239.44
05-08-2018,10757.9,10758.55,10689.4,10717.8,278118616,12783.49
05-09-2018,10693.35,10766.25,10689.85,10741.7,222115640,10390.92
05-10-2018,10779.65,10785.55,10705,10716.55,197988475,10526.38
05-11-2018,10741.95,10812.05,10724.45,10806.5,209392114,10432.43
5/14/2018,10815.15,10834.85,10774.75,10806.6,176697512,9075.44
5/15/2018,10812.6,10929.2,10781.4,10801.85,262202312,13582.7
5/16/2018,10751.95,10790.45,10699.7,10741.1,238221884,11359.48
5/17/2018,10775.6,10777.25,10664.5,10682.7,220738923,12506.3
5/18/2018,10671.85,10674.95,10589.1,10596.4,229908939,13908.47
5/21/2018,10616.7,10621.7,10505.8,10516.7,,11346.13
5/22/2018,10518.45,10558.6,10490.55,10536.7,249236637,12017.36
5/23/2018,10521.1,10533.55,10417.8,10430.35,299919120,13456.6
5/24/2018,10464.85,10535.15,10419.8,10513.85,306792497,12914.16
5/25/2018,10533.05,10628.05,10524,10605.15,268914888,12431.16
5/28/2018,10648.35,10709.8,10640.55,10688.65,239786001,11764.35
5/29/2018,10689.4,10717.25,10616.1,10633.3,232761575,11817.39
5/30/2018,10579,10648.7,10558.45,10614.35,246124259,12224.76
5/31/2018,10670.1,10763.8,10620.4,10736.15,629198569,29479.77
06-01-2018,10738.45,10764.75,10681.5,10696.2,227355567,12965.01
06-04-2018,10765.95,,10618.35,10628.5,210148313,14120.49
06-05-2018,10630.7,10633.15,10550.9,10593.15,172898027,10027.54
06-06-2018,10603.45,10698.35,10587.5,10684.65,195761429,9920.75
06-07-2018,10722.6,10818,10722.6,10768.35,227663151,11315.24
06-08-2018,10736.4,10779.45,10709.05,10767.65,215942528,12360.88
06-11-2018,10781.85,10850.55,10777.05,10786.95,217849903,11384.97
06-12-2018,10816.15,10856.55,10789.4,10842.85,204419184,11989.07
6/13/2018,10887.5,10893.25,10842.65,10856.7,220003032,12982.8
6/14/2018,10832.9,10833.7,10773.55,10808.05,190031664,11659.79
6/15/2018,10808.65,10834,10755.4,10817.7,314764425,19271.43
6/18/2018,10830.2,10830.2,10787.35,10799.85,202727202,11182.48
6/19/2018,10789.45,10789.45,10701.2,10710.45,231382790,12290.16
6/20/2018,10734.65,10781.8,10724.05,10772.05,199467082,10858.35
6/21/2018,10808.45,10809.6,10725.9,10741.1,230507383,12211.18
6/22/2018,10742.7,10837,10710.45,10821.85,236898415,13520.01
6/25/2018,10822.9,10831.05,10753.05,10762.45,236693278,12012.41
6/26/2018,10742.7,10805.25,10732.55,10769.15,226846382,12113.53
6/27/2018,10785.5,10785.5,10652.4,10671.4,253620792,13837.03
6/28/2018,10660.8,10674.2,10557.7,10589.1,363157327,20187.98
6/29/2018,10612.85,10723.05,10612.35,10714.3,250327878,14440.17
07-02-2018,10732.35,10736.15,10604.65,10657.3,,13591.3
07-03-2018,10668.6,10713.3,10630.25,10699.9,208371545,10896.89
07-04-2018,10715,10777.15,10677.75,10769.9,179268271,10388.69
07-05-2018,10786.05,10786.05,10726.25,10749.75,227267176,13676.58
07-06-2018,10744.15,10816.35,10735.05,10772.65,256547706,14006.48
07-09-2018,10838.3,10860.35,,10852.9,189331016,10843.92
07-10-2018,10902.75,10956.9,10876.65,10947.25,203061980,12834.85
07-11-2018,10956.4,10976.65,10923,10948.3,229211999,15944.45
07-12-2018,11006.95,11078.3,10999.65,11023.2,256034815,15787.28
7/13/2018,11056.9,11071.35,10999.75,11018.9,241670818,14744.56
7/16/2018,11018.95,11019.5,10926.25,10936.85,216971413,13709.57
7/17/2018,10939.65,11018.5,10925.6,11008.05,217107580,12649.4
7/18/2018,11060.2,11076.2,10956.3,10980.45,232502459,13320.2
7/19/2018,10999.5,11006.5,10935.45,10957.1,222056399,12199.98
7/20/2018,10963.5,11030.25,10946.2,11010.2,193144113,14105.94
7/23/2018,11019.85,11093.4,11010.95,11084.75,236153085,14932.51
7/24/2018,11109,11143.4,11092.5,11134.3,212247395,13931.15
7/25/2018,11148.4,11157.15,11113.25,11132,212333169,12528.8
7/26/2018,11132.95,11185.85,11125.7,11167.3,376657398,21595.33
7/27/2018,11232.75,11283.4,11210.25,11278.35,324343457,15203.09
7/30/2018,11296.65,11328.1,11261.45,11319.55,287435926,14716.66
7/31/2018,11311.05,11366,11267.75,11356.5,264430889,15297.4
08-01-2018,11359.8,11390.55,11313.55,11346.2,278012697,14436.12
08-02-2018,11328.9,11328.9,11234.95,11244.7,216533127,12267.66
08-03-2018,11297.8,11368,11294.55,11360.8,225146360,12984.66
08-06-2018,11401.5,11427.65,11370.6,11387.1,210002582,
08-07-2018,11423.15,11428.95,11359.7,11389.45,233409612,12457.71
08-08-2018,11412.5,11459.95,11379.3,11450,217047641,12422.62
08-09-2018,11493.25,11495.2,11454.1,11470.7,311521403,15842.76
08-10-2018,11474.95,11478.75,11419.65,11429.5,336424182,15738.26
8/13/2018,11369.6,11406.3,11340.3,11355.75,254466760,12899.22
8/14/2018,11381.7,11452.45,11370.8,11435.1,239841680,13935.35
8/16/2018,11397.15,11449.85,11366.25,11385.05,299610298,17081.62
8/17/2018,11437.15,11486.45,11431.8,11470.75,241985503,13275.31
8/20/2018,11502.1,11565.3,11499.65,11551.75,239843358,14119.93
8/21/2018,11576.2,11581.75,11539.6,11570.9,231063669,13528.83
8/23/2018,11620.7,11620.7,11546.7,11582.75,256163842,16117.77
8/24/2018,11566.6,11604.6,11532,11557.1,,13019.55
8/27/2018,11605.85,11700.95,11595.6,11691.95,205689327,11707.5
8/28/2018,11731.95,11760.2,11710.5,11738.5,249420312,13946.7
8/29/2018,11744.95,11753.2,11678.85,11691.9,259351550,14324.65
8/30/2018,11694.75,11698.8,11639.7,11676.8,323450305,18275.54
8/31/2018,11675.85,11727.65,11640.1,11680.5,357230312,20755.73
09-03-2018,11751.8,11751.8,11567.4,11582.35,241726864,16139.58
09-04-2018,11598.75,11602.55,11496.85,11520.3,262701030,16254.78
09-05-2018,11514.85,11542.65,11393.85,11476.95,253689858,15078.23
09-06-2018,11514.15,11562.25,11436.05,11536.9,255558129,15161
09-07-2018,11558.25,11603,11484.4,11589.1,305029077,16441.02
09-10-2018,11570.25,11573,11427.3,11438.1,295597988,16513.89
09-11-2018,11476.85,11479.4,11274,11287.5,318093125,18745.54
09-12-2018,11340.1,11380.75,11250.2,11369.9,276509748,15567.9
9/14/2018,11443.5,11523.25,11430.55,11515.2,285218296,16423.36
9/17/2018,11464.95,11464.95,11366.9,11377.75,207620518,11294.84
9/18/2018,11381.55,11411.45,11268.95,11278.9,248298794,13814.11
9/19/2018,11326.65,11332.05,11210.9,11234.35,258424384,15116.69
9/21/2018,11271.3,11346.8,10866.45,11143.1,741153209,35131.19
9/24/2018,11164.4,11170.15,10943.6,,398815949,23023.34
9/25/2018,10969.95,11080.6,10882.85,11067.45,417548830,22878.57
9/26/2018,11145.55,11145.55,10993.05,11053.8,351041146,17803.68
9/27/2018,11079.8,11089.45,10953.35,10977.55,418210067,22582.86
9/28/2018,11008.1,11034.1,10850.3,10930.45,492894147,23227.86
10-01-2018,10930.9,11035.65,10821.55,11008.3,398987274,20391.72
10-03-2018,10982.7,10989.05,10843.75,10858.25,398756507,21225.59
10-04-2018,10754.7,10754.7,,10599.25,438202008,23711.57
10-05-2018,10514.1,10540.65,10261.9,10316.45,625153832,25254.21
10-08-2018,10310.15,10398.35,10198.4,10348.05,470279031,22130.94
10-09-2018,10390.3,10397.6,10279.35,10301.05,443795275,18285.41
10-10-2018,10331.85,10482.35,10318.25,10460.1,373844130,19592.59
10-11-2018,10169.8,10335.95,10138.6,10234.65,498509417,21907.13
10-12-2018,10331.55,10492.45,10322.15,10472.5,354056762,18606.04
10/15/2018,10524.2,10526.3,10410.15,10512.5,267517728,14372.15
10/16/2018,10550.15,10604.9,10525.3,10584.75,273444095,15453.03
10/17/2018,10688.7,10710.15,10436.45,10453.05,293586908,17173.14
10/19/2018,10339.7,10380.1,10249.6,10303.55,368552204,20505.66
10/22/2018,10405.85,,10224,10245.25,306472776,17241.94
10/23/2018,10152.6,10222.1,10102.35,10146.8,312042090,18114.71
10/24/2018,10278.15,10290.65,10126.7,10224.75,362272428,19413.24
10/25/2018,10135.05,10166.6,10079.3,10124.9,522421914,23503.76
10/26/2018,10122.35,10128.85,10004.55,10030,375563273,16120.14
10/29/2018,10078.1,10275.3,10020.35,10250.85,375749433,17514.85
10/30/2018,10239.4,10285.1,10175.35,10198.4,298753965,14789.51
10/31/2018,10209.55,10396,10105.1,10386.6,386618948,21513.85
11-01-2018,10441.7,10441.9,10341.9,10380.45,359340403,18111.88
11-02-2018,10462.3,10606.95,10457.7,10553,434175607,21758.8
11-05-2018,10558.75,10558.8,10477,10524,311176379,14761.17
11-06-2018,,10600.25,10491.45,10530,309878810,14006.19
11-07-2018,10614.45,10616.45,10582.3,10598.4,32194181,1534.08
11-09-2018,10614.7,10619.55,10544.85,10585.2,305817331,15294.83
11-12-2018,10607.8,10645.5,10464.05,10482.2,267710127,13445.33
11/13/2018,10451.9,10596.25,10440.55,10582.5,262541595,13078.98
11/14/2018,10634.9,10651.6,10532.7,10576.3,396373781,19374.89
11/15/2018,10580.6,10646.5,10557.5,10616.7,306011926,14937.67
11/16/2018,10644,10695.15,10631.15,10682.2,353384918,16728.88
11/19/2018,10731.25,10774.7,10688.8,10763.4,280522364,13540.9
11/20/2018,10740.1,10740.85,10640.85,10656.2,304322623,13077.24
11/21/2018,10670.95,10671.3,10562.35,10600.05,310191008,15382.32
11/22/2018,10612.65,10646.25,10512,10526.75,,12254.36
11/26/2018,10568.3,10637.8,10489.75,10628.6,332863041,15927.25
11/27/2018,10621.45,10695.15,10596.35,10685.6,382834178,17296.28
11/28/2018,10708.75,10757.8,10699.85,10728.85,437627174,17737.28
11/29/2018,10808.7,10883.05,10782.35,10858.7,712650890,26283.43
11/30/2018,10892.1,10922.45,10835.1,10876.75,467857329,19964.33
12-03-2018,10930.7,10941.2,10845.35,10883.75,422358631,18484.91
12-04-2018,10877.1,10890.95,10833.35,10869.5,332137359,15857.16
12-05-2018,10820.45,10821.05,10747.95,10782.9,322019985,15176.26
12-06-2018,10718.15,10722.65,10588.25,10601.15,328275196,16488.87
12-07-2018,10644.8,10704.55,10599.35,10693.7,335849636,18597.83
12-10-2018,10708.75,10757.8,10699.85,10728.85,437627174,17737.28
12-11-2018,10350.05,10567.15,10333.85,10549.15,438699334,20112.91
12-12-2018,10591,10752.2,10560.8,10737.6,371697496,17447.45
12/13/2018,10810.75,10838.6,10749.5,10791.55,387810061,17582.8
12/14/2018,10784.5,10815.75,10752.1,10805.45,350579275,14486.1
12/17/2018,10853.2,10900.35,10844.85,10888.35,306145514,12528.59
12/18/2018,10850.9,10915.4,10819.1,10908.7,294942271,13556.45
12/19/2018,10930.55,10985.15,10928,10967.3,321801803,17172.64
12/20/2018,10885.2,10962.55,10880.05,10951.7,328802751,14945.94
12/21/2018,10944.25,10963.65,10738.65,10754,389235107,18663.85
12/24/2018,10780.9,10782.3,10649.25,10663.5,230291344,10695.6
12/26/2018,10635.45,10747.5,10534.55,10729.85,271942701,12831.99
12/27/2018,10817.9,10834.2,10764.45,10779.8,470160392,19119.88
12/28/2018,10820.95,10893.6,10817.15,10859.9,253086507,12615.01
12/31/2018,10913.2,10923.55,10853.2,10862.55,186494657,10176.13
01-01-2019,10881.7,10923.6,10807.1,10910.1,159404542,8688.26
01-02-2019,10868.85,10895.35,10735.05,10792.5,309665939,15352.25
01-03-2019,10796.8,10814.05,10661.25,10672.25,286241745,15030.45
01-04-2019,10699.7,10741.05,10628.65,10727.35,296596655,14516.74
01-07-2019,10804.85,10835.95,10750.15,10771.8,269371080,12731.29
01-08-2019,10786.25,10818.45,10733.25,10802.15,277697672,13433.48
01-09-2019,10708.75,10757.8,10699.85,10728.85,437627174,17737.28
01-10-2019,10859.35,10859.35,10801.8,10821.6,254365477,12031.26
01-11-2019,10834.75,10850.15,10739.4,10794.95,260792200,13084.6
1/14/2019,10807,10808,10692.35,10737.6,298774178,12732.57
1/15/2019,10777.55,10896.95,10777.55,10886.8,310737078,14879.91
1/16/2019,10899.65,10928.15,10876.9,10890.3,276539042,13081.63
1/17/2019,10920.85,10930.65,10844.65,10905.2,271676319,13215.83
1/18/2019,10914.85,10928.2,10852.2,10906.95,323814108,16408.83
1/21/2019,10919.35,10987.45,10885.75,10961.85,288829125,17289.7
1/22/2019,10949.8,10949.8,10864.15,10922.75,300768112,17483.62
1/23/2019,10931.05,10944.8,10811.95,10831.5,298876314,14736.91
1/24/2019,10844.05,10866.6,10798.65,10849.8,361082096,15298.48
1/25/2019,10859.75,10931.7,10756.45,10780.55,463444758,20542.36
1/28/2019,10792.45,10804.45,10630.95,10661.55,419682627,21144.33
1/29/2019,10653.7,10690.35,10583.65,10652.2,356908994,18832.06
1/30/2019,10702.25,10710.2,10612.85,10651.8,410107910,21214.81
1/31/2019,10690.55,10838.05,10678.55,10830.95,604818027,27471.18
02-01-2019,10851.35,10983.45,10813.45,10893.65,482272661,23112.37
02-04-2019,10876.75,10927.9,10814.15,10912.25,318300039,15478.81
02-05-2019,10908.65,10956.7,10886.7,10934.35,268095127,13435.13
02-06-2019,10965.1,11072.6,10962.7,11062.45,298510497,15172.85
02-07-2019,11070.45,11118.1,11043.6,11069.4,263544426,13542.69
02-08-2019,11023.5,11041.2,10925.45,10943.6,352787419,15507.05
02-11-2019,10708.75,10757.8,10699.85,10728.85,437627174,17737.28
02-12-2019,10879.7,10910.9,10823.8,10831.4,292314643,14424.78
2/13/2019,10870.55,10891.65,10772.1,10793.65,321958549,15360.98
2/14/2019,10786.1,10792.7,10718.75,10746.05,627041405,20797.41
2/15/2019,10780.25,10785.75,10620.4,10724.4,521876968,20733.95
2/18/2019,10738.65,10759.9,10628.4,10640.95,345440240,14903.19
2/19/2019,10636.7,10722.85,10585.65,10604.35,291507060,13765.01
2/20/2019,10655.45,10752.7,10646.4,10735.45,289195306,13209.71
2/21/2019,10744.1,10808.85,10721.5,10789.85,279584955,14758.5
2/22/2019,10782.7,10801.55,10758.4,10791.65,396846597,24386.42
2/25/2019,10813.25,10887.1,10788.05,10880.1,385905142,16466.09
2/26/2019,10775.3,10888.75,10729.3,10835.3,414954476,19186.75
2/27/2019,10881.2,10939.7,10751.2,10806.65,381080073,18313.85
2/28/2019,10865.7,10865.7,10784.85,10792.5,644159018,27123.34
03-01-2019,10842.65,10877.9,10823.1,10863.5,308526309,15010.06
03-05-2019,10864.85,10994.9,10817,10987.45,373220239,17960.03
03-06-2019,11024.85,11062.3,10998.85,11053,372550850,17850.93
03-07-2019,10690.55,10838.05,10678.55,10830.95,604818027,27471.18
03-08-2019,11038.85,11049,11008.95,11035.4,326569833,14369.77
03-11-2019,11068.75,11180.9,11059.85,11168.05,352242287,17349.95
03-12-2019,11231.35,11320.4,11227,11301.2,391310519,20861.35
3/13/2019,11326.2,11352.3,11276.6,11341.7,382996187,20851.67
3/14/2019,11382.5,11383.45,11313.75,11343.25,294480678,15661.05
3/15/2019,11376.85,11487,11370.8,11426.85,463704896,25143.26
3/18/2019,10690.55,10838.05,10678.55,10830.95,604818027,27471.18
3/19/2019,11500.3,11543.85,11451.25,11532.4,326099667,16179.92
3/20/2019,11553.35,11556.1,11503.1,11521.05,366298049,18311.44
3/22/2019,11549.2,11572.8,11434.55,11456.9,386193935,19755.74
3/25/2019,11395.65,11395.65,11311.6,11354.25,294459196,14101.14
3/26/2019,11375.2,11496.75,11352.45,11483.25,282575496,14611.68
3/27/2019,11531.45,11546.2,11413,11445.05,350446089,18356.52
3/28/2019,11463.65,11588.5,11452.45,11570,527678809,25719.65
3/29/2019,11625.45,11630.35,11570.15,11623.9,416276981,20515.25
04-01-2019,11665.2,11738.1,11644.75,11669.15,379572660,18977.99
04-02-2019,11711.55,11729.35,11655.85,11713.2,386131413,18673.7
04-03-2019,11735.3,11761,11629.15,11643.95,365760070,19050.95
04-04-2019,11660.2,11662.55,11559.2,11598,349029830,19713.01
04-05-2019,11638.4,11689.65,11609.5,11665.95,266665797,15000.35
04-08-2019,11704.35,11710.3,11549.1,11604.5,260932608,14203.96
04-09-2019,11612.05,11683.9,11569.7,11671.95,300467538,15984.39
04-10-2019,11646.85,11680.05,11571.75,11584.3,359941110,22258.46
04-11-2019,11592.55,11606.7,11550.55,11596.7,279775726,14332.2
04-12-2019,11612.85,11657.35,11578.8,11643.45,246006184,13598.61
4/15/2019,11667,11704.6,11648.25,11690.35,289996075,15635.79
4/16/2019,11736.2,11810.95,11731.55,11787.15,354315040,17585.48
4/18/2019,11856.15,11856.15,11738.5,11752.8,339653709,18271.27
4/22/2019,11727.05,11727.05,11583.95,11594.45,260356055,13754.12
4/23/2019,11612.95,11645.95,11564.8,11575.95,272544486,14500.53
4/24/2019,11601.5,11740.85,11578.85,11726.15,335196513,17046.66
4/25/2019,11735.7,11796.75,11624.3,11641.8,604360395,28254.3
4/26/2019,11683.75,11762.9,11661.75,11754.65,333483764,18098.83
4/30/2019,10690.55,10838.05,10678.55,10830.95,604818027,27471.18
05-02-2019,11725.55,11789.3,11699.55,11724.75,380278045,17790.06
05-03-2019,11722.6,11770.9,11699.35,11712.25,305519934,15156.32
05-06-2019,11605.8,11632.55,11571.35,11598.25,299046480,14703.42
05-07-2019,11651.5,11657.05,11484.45,11497.9,337495624,16632.84
05-08-2019,11478.7,11479.1,11346.95,11359.45,372826025,17440.01
05-09-2019,11322.4,11357.6,11255.05,11301.8,373028059,17602.86
05-10-2019,11314.15,11345.8,11251.05,11278.9,387323416,18085.19
5/13/2019,11258.7,11300.2,11125.6,11148.2,357586433,16722.91
5/14/2019,11151.65,11294.75,11108.3,11222.05,398122725,19906.38
5/15/2019,11271.7,11286.8,11136.95,11157,414174258,17931.75
5/16/2019,11180.35,11281.55,11143.35,11257.1,350734572,15629.57
5/17/2019,11261.9,11426.15,11259.85,11407.15,412109200,20177.63
5/20/2019,11651.9,11845.2,11591.7,11828.25,452096261,25223.78
5/21/2019,11863.65,11883.55,11682.8,11709.1,381038129,20324.67
5/22/2019,11727.95,11784.8,11682.4,11737.9,355870667,19582.41
5/23/2019,11901.3,12041.15,11614.5,11657.05,569030654,31180.08
5/24/2019,11748,11859,11658.1,11844.1,374637415,20028.49
5/27/2019,11855.5,11957.15,11812.4,11924.75,348356214,17735.36
5/28/2019,11958.35,11958.55,11864.9,11928.75,598308334,28833.54
5/29/2019,11905.8,11931.9,11836.8,11861.1,318068673,15985.92
5/30/2019,11865.3,11968.55,11859.4,11945.9,421199867,20261.85
5/31/2019,11999.8,12039.25,11829.45,11922.8,438879129,22789
06-03-2019,10690.55,10838.05,10678.55,10830.95,604818027,27471.18
06-04-2019,12052.65,12095.2,12005.85,12021.65,289221904,15308.28
06-06-2019,12039.8,12039.8,11830.25,11843.75,415206942,21144.77
06-07-2019,11865.2,11897.5,11769.5,11870.65,302455910,14939.4
06-10-2019,11934.9,11975.05,11871.75,11922.7,303329445,13125.41
06-11-2019,11959.85,12000.35,11904.35,11965.6,332181958,15392.28
06-12-2019,11962.45,11962.45,11866.35,11906.2,283718253,14120.17
6/13/2019,11873.9,11931.35,11817.05,11914.05,447901993,18680.91
6/14/2019,11910.1,11911.85,11797.7,11823.3,390294634,16226.57
6/17/2019,11844,11844.05,11657.75,11672.15,295528399,13851.67
6/18/2019,11677.05,11727.2,11641.15,11691.5,365525622,16120.69
6/19/2019,11744.45,11802.5,11625.1,11691.45,446933027,18722.71
6/20/2019,11653.65,11843.5,11635.05,11831.75,442016954,18839.11
6/21/2019,11827.6,11827.95,11705.1,11724.1,468430388,23346.13
6/24/2019,11725.8,11754,11670.2,11699.65,277620788,12631.38
6/25/2019,11681,11814.4,11651,11796.45,300476353,13822.83
6/26/2019,11768.15,11871.85,11757.55,11847.55,327885018,14650.89
6/27/2019,11860.85,11911.15,11821.05,11841.55,480169350,23300.3
6/28/2019,10690.55,10838.05,10678.55,10830.95,604818027,27471.18
07-01-2019,11839.9,11884.65,11830.8,11865.6,278415889,12874.96
07-02-2019,11890.3,11917.45,11814.7,11910.3,363197036,13615.94
07-03-2019,11932.15,11945.2,11887.05,11916.75,340527508,14290.33
07-04-2019,11928.8,11969.25,11923.65,11946.75,333595172,14758.87
07-05-2019,11964.75,11981.75,11797.9,11811.15,530720039,18871.99
07-08-2019,11770.4,11771.9,11523.3,11558.6,464029444,19146.25
07-09-2019,11531.6,11582.55,11461,11555.9,442520253,21577.95
07-10-2019,11536.15,11593.7,11475.65,11498.9,337571014,16098.53
07-11-2019,11561.45,11599,11519.5,11582.9,317257578,14586.2
07-12-2019,11601.15,11639.55,11538.6,11552.5,359421182,16947.57
7/15/2019,11614.75,11618.4,11532.3,11588.35,368788782,15835.99
7/16/2019,11596.65,11670.05,11573.95,11662.6,480156167,15967.91
7/17/2019,11670.75,11706.65,11651.15,11687.5,464827734,15250.5
7/18/2019,10690.55,10838.05,10678.55,10830.95,604818027,27471.18
7/19/2019,11627.95,11640.35,11399.3,11419.25,446049198,17326.4
7/22/2019,11392.85,11398.15,11301.25,11346.2,516044335,19304.23
7/23/2019,11372.25,11398.15,11302.8,11331.05,458931191,19199.32
7/24/2019,11322.45,11359.75,11229.8,11271.3,413202832,18353.13
7/25/2019,11290.4,11361.4,11239.35,11252.15,553676897,24329.21
7/26/2019,11247.45,11307.6,11210.05,11284.3,522670420,20350.38
7/29/2019,11307.5,11310.95,11152.4,11189.2,482862376,18705.92
7/30/2019,11213.7,11267.45,11072.65,11085.4,479059399,20545.71
7/31/2019,11034.05,11145.3,10999.4,11118,536694278,23681.22
08-01-2019,11060.2,11076.75,10881,10980,499918953,21048.32
08-02-2019,10930.3,11080.15,10848.95,10997.35,547416246,23972.04
08-05-2019,10895.8,10895.8,10782.6,10862.6,506556609,20824.1
08-06-2019,10815.4,11018.55,10813.8,10948.25,517891491,21676.4
08-07-2019,10958.1,10975.65,10835.9,10855.5,548465787,21228.28
08-08-2019,10690.55,10838.05,10678.55,10830.95,604818027,27471.18
08-09-2019,11087.9,11181.45,11062.8,11109.65,538063563,21092.05
8/13/2019,11139.4,11145.9,10901.6,10925.85,624634647,24790.67
8/14/2019,11003.25,11078.15,10935.6,11029.4,511541716,19712.81
8/16/2019,11043.65,11068.65,10924.3,11047.8,470909918,19281.91
8/19/2019,11094.8,11146.9,11037.85,11053.9,369493161,14120.35
8/20/2019,11063.9,11076.3,10985.3,11017,444715679,16915.96
8/21/2019,11018.15,11034.2,10906.65,10918.7,557867906,16747.99
8/22/2019,10905.3,10908.25,10718.3,10741.35,668193449,18764.38
8/23/2019,10699.6,10862.55,10637.15,10829.35,667079625,20983.75
8/26/2019,11000.3,11070.3,10756.55,11057.85,684141923,22375.99
8/27/2019,11106.55,11141.75,11049.5,11105.35,685551267,27413.16
8/28/2019,11101.3,11129.65,10987.65,11046.1,549954696,16739.43
8/29/2019,10996.05,11021.1,10922.4,10948.3,649876160,20127.77
8/30/2019,10987.8,11042.6,10874.8,11023.25,628154431,21057.31
09-03-2019,10960.95,10967.5,10772.7,10797.9,483038985,16595.6
09-04-2019,10790.4,10858.75,10746.35,10844.65,508784352,19195.1
09-05-2019,10860.95,10920.1,10816,10847.9,595699267,18279.88
09-06-2019,10883.8,10957.05,10867.45,10946.2,497214445,18167.78
09-09-2019,10936.7,11028.85,10889.8,11003.05,412471067,14762.07
09-11-2019,11028.5,11054.8,11011.65,11035.7,687140326,19550.59
09-12-2019,11058.3,11081.75,10964.95,10982.8,551436050,17510.17
9/13/2019,10895.8,10895.8,10782.6,10862.6,506556609,20824.1
9/16/2019,10994.85,11052.7,10968.2,11003.5,434449776,15786.17
9/17/2019,11000.1,11000.1,10796.5,10817.6,482013044,17721.93
9/18/2019,10872.8,10885.15,10804.85,10840.65,519155072,16784.43
9/19/2019,10845.2,10845.2,10670.25,10704.8,642599183,16642.83
9/20/2019,10746.8,11381.9,10691,11274.2,1356767450,54081.53
9/23/2019,10895.8,10895.8,10782.6,10862.6,506556609,20824.1
9/24/2019,11590.7,11655.05,11539.2,11588.2,651722255,26930.07
9/25/2019,11564.85,11564.95,11416.1,11440.2,629054640,25266.24
9/26/2019,11469.85,11610.85,11466.35,11571.2,844465614,30707.84
9/27/2019,11556.35,11593.6,11499.75,11512.4,650017280,19036.94
9/30/2019,11491.15,11508.25,11390.8,11474.45,756848686,23748.07
10-01-2019,11515.4,11554.2,11247.9,11359.9,1305415159,28972.72
10-03-2019,11322.25,11370.4,11257.35,11314,1017479514,21658.38
10-04-2019,11388.45,11400.3,11158.35,11174.75,928524450,22470.76
10-07-2019,11196.2,11233.85,11112.65,11126.4,733198763,18641.37
10-09-2019,11152.95,11321.6,11090.15,11313.3,741148639,20961.54
10-10-2019,11280.5,11293.35,11208.55,11234.55,562017945,19234.31
10-11-2019,11257.7,11362.9,11189.4,11305.05,737795150,22511.39
10/14/2019,11335.9,11420.45,11290.05,11341.15,587579191,17499.48
10/15/2019,11360.85,11462.35,11342.1,11428.3,527396180,17041.55
10/16/2019,11464.95,11481.05,11411.1,11464,533468525,18266.06
10/17/2019,10895.8,10895.8,10782.6,10862.6,506556609,20824.1
10/18/2019,11580.3,11684.7,11553.15,11661.85,853440208,22315.99
10/22/2019,11657.15,11714.35,11573.65,11588.35,867601307,29726.27
10/23/2019,11596.2,11651.6,11554.4,11604.1,664159887,23397.69
10/24/2019,11661.65,11679.6,11534.65,11582.6,700481662,25177.46
10/25/2019,11646.15,11646.9,11490.75,11583.9,812027840,23611.51
10/27/2019,11662.25,11672.4,11604.6,11627.15,161779004,3548.21
10/29/2019,11643.95,11809.4,11627.35,11786.85,951722529,27054.87
10/30/2019,11883.9,11883.95,11784.45,11844.1,725219760,22672.18
10/31/2019,11890.45,11945,11855.1,11877.45,1414837250,31304.73
11-01-2019,11886.6,11918.3,11843.35,11890.6,855338495,24933.55
11-04-2019,11928.9,11989.15,11905.35,11941.3,823050457,23203.88
11-05-2019,11974.6,11978.95,11861.9,11917.2,631952071,20995.88
11-06-2019,11911.5,12002.9,11850.25,11966.05,603351290,23324.97
11-07-2019,12021.1,12021.4,11946.85,12012.05,562963817,20898.24
11-08-2019,11987.15,12034.15,11888.75,11908.15,789254360,22931.52
11-11-2019,11879.2,11932.65,11853.95,11913.45,548979515,16548.47
11/13/2019,11908.3,11946.8,11823.2,11840.45,659035969,20401.5
11/14/2019,11858.75,11895.65,11802.65,11872.1,559494025,19114.86
11/15/2019,11904.2,11973.65,11879.25,11895.45,580154179,22350.63
11/18/2019,10895.8,10895.8,10782.6,10862.6,506556609,20824.1
11/19/2019,11919.45,11958.85,11881.75,11940.1,613909679,21574.84
11/20/2019,12004.75,12038.6,11966.05,11999.1,646661147,24341.14
11/21/2019,12025.65,12028.2,11956.9,11968.4,557685781,21609.99
11/22/2019,11967.3,11968.1,11883.5,11914.4,486815185,19243.57
11/25/2019,11922.45,12084.5,11919.75,12073.75,534289467,19990.44
11/26/2019,12110.2,12132.45,12006.35,12037.7,1201335831,46030.62
11/27/2019,12068.5,12114.9,12055.15,12100.7,584226618,19937.4
11/28/2019,12132.1,12158.8,12099.95,12151.15,620479403,21229.58
11/29/2019,12146.2,12147.4,12017.4,12056.05,804430391,21838.04
12-02-2019,12137.05,12137.15,12023.7,12048.2,720945335,23113.18
12-03-2019,12067.65,12068.6,11956.4,11994.2,605789334,18203.76
12-04-2019,11969.95,12054.7,11935.3,12043.2,747193818,22132.83
12-05-2019,12071.25,12081.2,11998.75,12018.4,562228745,19589.81
12-06-2019,12047.35,12057.05,11888.85,11921.5,609221205,18245.49
12-09-2019,11939.1,11981.95,11888.05,11937.5,599115748,16672.87
12-10-2019,11950.5,11953.2,11844.7,11856.8,650219487,16514.63
12-11-2019,11867.35,11923.2,11832.3,11910.15,997655048,18760.57
12-12-2019,11944.3,12005.5,11934,11971.8,752617138,18401.22
12/13/2019,12026.4,12098.85,12023.6,12086.7,597712516,20626.8
12/16/2019,12131.35,12134.65,12046.3,12053.95,437703921,16110.34
12/17/2019,12082.45,12182.75,12070.35,12165,499585789,20968.79
12/18/2019,12197,12237.7,12163.45,12221.65,518854651,22341.06
12/19/2019,12223.4,12268.35,12191.15,12259.7,623049839,19761.9
12/20/2019,12266.45,12293.9,12252.75,12271.8,810676090,25750.24
12/23/2019,12235.45,12287.15,12213.25,12262.75,604782354,18078.23
12/24/2019,12269.25,12283.7,12202.1,12214.55,470290298,13864.56
12/26/2019,12211.85,12221.55,12118.85,12126.55,520326632,16362.31
12/27/2019,12172.9,12258.45,12157.9,12245.8,383788556,13676.2
12/30/2019,12274.9,12286.45,12213.8,12255.85,411084614,14556.73
12/31/2019,12247.1,12247.1,12151.8,12168.45,426931711,14812.89
01-01-2020,12202.15,12222.2,12165.3,12182.5,304078039,10445.68
01-02-2020,12198.55,12289.9,12195.25,12282.2,407697594,15256.55
01-03-2020,12261.1,12265.6,12191.35,12226.65,428770054,16827.27
01-06-2020,12170.6,12179.1,11974.2,11993.05,396501419,16869.22
01-07-2020,12079.1,12152.15,12005.35,12052.95,447818617,17797.68
01-08-2020,11939.1,12044.95,11929.6,12025.35,445991640,18281.15
01-09-2020,12153.15,12224.05,12132.55,12215.9,477469878,18456.64
01-10-2020,12271,12311.2,12213.2,12256.8,660627930,18818.62
1/13/2020,12296.7,12337.75,12285.8,12329.55,500968242,17522.13
1/14/2020,12333.1,12374.25,12308.7,12362.3,616260555,17948.92
1/15/2020,12349.4,12355.15,12278.75,12343.3,684352965,17882.51
1/16/2020,12347.1,12389.05,12315.8,12355.5,395670245,16004.06
1/17/2020,12328.4,12385.45,12321.4,12352.35,502060615,21397.63
1/20/2020,12430.5,12430.5,12216.9,12224.55,491609317,21415.43
1/21/2020,12195.3,12230.05,12162.3,12169.85,443976442,18682.65
1/22/2020,12218.35,12225.05,12087.9,12106.9,526294513,19758.68
1/23/2020,12123.75,12189,12094.1,12180.35,867653663,23829.39
1/24/2020,12174.55,12272.15,12149.65,12248.25,593237908,18032.27
1/27/2020,12197.1,12216.6,12107,12119,441158138,17988.61
1/28/2020,12148.1,12163.55,12024.5,12055.8,478484057,20917.62
1/29/2020,12114.9,12169.6,12103.8,12129.5,514362340,20646.18
1/30/2020,12147.75,12150.3,12010.6,12035.8,538138743,19372.67
1/31/2020,12100.4,12103.55,11945.85,11962.1,771278258,26044.91
02-01-2020,11939,12017.35,11633.3,11661.85,537634767,20598.12
02-03-2020,11627.45,11749.85,11614.5,11707.9,669815788,25415.26
02-04-2020,11786.25,11986.15,11783.4,11979.65,560430291,22338.5
02-05-2020,12005.85,12098.15,11953.35,12089.15,758032580,22998.05
02-06-2020,12120,12160.6,12084.65,12137.95,565116236,21735.92
02-07-2020,12151.15,12154.7,12073.95,12098.35,473475144,16339.61
02-10-2020,12102.35,12103.55,11990.75,12031.5,525674715,17185.14
02-11-2020,12108.4,12172.3,12099,12107.9,480491557,16209.52
02-12-2020,12151,12231.75,12144.3,12201.2,412399174,16598.33
2/13/2020,12219.55,12225.65,12139.8,12174.65,501510138,16315.27
2/14/2020,12190.15,12246.7,12091.2,12113.45,623053270,20759.51
2/17/2020,12131.8,12159.6,12037,12045.8,455412408,15439.55
2/18/2020,12028.25,12030.75,11908.05,11992.5,677307424,18853
2/19/2020,12090.6,12134.7,12042.1,12125.9,514030605,17610.89
2/20/2020,12119,12152,12071.45,12080.85,502875583,18831.51
2/24/2020,12012.55,12012.55,11813.4,11829.4,491224913,19421.04
2/25/2020,11877.5,11883.05,11779.9,11797.9,461349973,18510.82
2/26/2020,11738.55,11783.25,11639.6,11678.5,567990976,21887.07
2/27/2020,11661.25,11663.85,11536.7,11633.3,609266324,21623.47
2/28/2020,11382,11384.8,11175.05,11201.75,810523106,32297.15
03-02-2020,11387.35,11433,11036.25,11132.75,681148567,24204.55
03-03-2020,11217.55,11342.25,11152.55,11303.3,696919348,23281.2
03-04-2020,11351.35,11356.6,11082.15,11251,798021596,26928.46
03-05-2020,11306.05,11389.5,11244.6,11269,1353209029,26980.65
03-06-2020,10942.65,11035.1,10827.4,10989.45,1811564187,26455.29
03-09-2020,10742.05,10751.55,10294.45,10451.45,1566119057,35151.79
03-11-2020,10334.3,10545.1,10334,10458.4,1219079693,32548.47
03-12-2020,10039.95,10040.75,9508,9590.15,1344263317,39283.97
3/13/2020,9107.6,10159.4,8555.15,9955.2,1389061775,44167.89
3/16/2020,9587.8,9602.2,9165.1,9197.4,898523271,29181.8
3/17/2020,9285.4,9403.8,8915.6,8967.05,936185892,28004.16
3/18/2020,9088.45,9127.55,8407.05,8468.8,1517275761,39256.71
3/19/2020,8063.3,8575.45,7832.55,8263.45,926508824,34274.23
3/20/2020,8284.45,8883,8178.2,8745.45,1072263600,37321.25
3/23/2020,7945.7,8159.25,7583.6,7610.25,654151814,23891.9
3/24/2020,7848.3,8036.95,7511.1,7801.05,739354439,28282.09
3/25/2020,7735.15,8376.75,7714.75,8317.85,738114713,28482.01
3/26/2020,8451,8749.05,8304.9,8641.45,866534643,32228.31
3/27/2020,8949.1,9038.9,8522.9,8660.25,801923401,31336.86
3/30/2020,8385.95,8576,8244,8281.1,593953051,24724.44
3/31/2020,8529.35,8678.3,8358,8597.75,713390935,27401.3
04-01-2020,8584.1,8588.1,8198.35,8253.8,507509685,21307.3
04-03-2020,8356.55,8356.55,8055.8,8083.8,697752438,26561.18
04-07-2020,8446.3,8819.4,8360.95,8792.2,815245226,35206.69
04-08-2020,8688.9,9131.7,8653.9,8748.75,897562690,37641.68
04-09-2020,8973.05,9128.35,8904.55,9111.9,743036134,32907.82
4/13/2020,9103.95,9112.05,8912.4,8993.85,644468815,26749.06
4/15/2020,9196.4,9261.2,8874.1,8925.3,880159358,41878.64
4/16/2020,8851.25,9053.75,8821.9,8992.8,720116479,31318.29
4/17/2020,9323.45,9324,9091.35,9266.75,684910520,33334.73
4/20/2020,9390.2,9390.85,9230.8,9261.85,726364699,28620.91
4/21/2020,9016.95,9044.4,8909.4,8981.45,655122903,28273.89
4/22/2020,9026.75,9209.75,8946.25,9187.3,734383388,33981.82
4/23/2020,9232.35,9343.6,9170.15,9313.9,666650462,30270.55
4/24/2020,9163.9,9296.9,9141.3,9154.4,659439249,32859.05
4/27/2020,9259.7,9377.1,9250.35,9282.3,512793298,26696.54
4/28/2020,9389.8,9404.4,9260,9380.9,614548983,30091.41
4/29/2020,9408.6,9599.85,9392.35,9553.35,653026950,31673.23
4/30/2020,9753.5,9889.05,9731.5,9859.9,931173802,39332.46
05-04-2020,9533.5,9533.5,9266.95,9293.5,687487134,29785.95
05-05-2020,9429.4,9450.9,9190.75,9205.6,725196178,29700.2
05-06-2020,9226.8,9346.9,9116.5,9270.9,722185448,30798.1
05-07-2020,9234.05,9277.85,9175.9,9199.05,708740416,59705.53
05-08-2020,9376.95,9382.65,9238.2,9251.5,609053504,30743.45
05-11-2020,9348.15,9439.9,9219.95,9239.2,704647074,31048.47
05-12-2020,9168.85,9240.85,9043.95,9196.55,805458787,37706.27
5/13/2020,9584.2,9584.5,9351.1,9383.55,846395245,36488.9
5/14/2020,9213.95,9281.1,9119.75,9142.75,602555564,29541.59
5/15/2020,9182.4,9182.4,9050,9136.85,575857112,25847.33
5/18/2020,9158.3,9158.3,8806.75,8823.25,772983297,33347.46
5/19/2020,8961.7,9030.35,8855.3,8879.1,762152894,32026.94
5/20/2020,8889.15,9093.8,8875.35,9066.55,622308140,30721.99
5/21/2020,9079.45,9178.55,9056.1,9106.25,631542699,28303.51
5/22/2020,9067.9,9149.6,8968.55,9039.25,675759336,31625.47
5/26/2020,9099.75,9161.65,8996.65,9029.05,654959960,30871.59
5/27/2020,9082.2,9334,9004.25,9314.95,763492487,34603.88
5/28/2020,9364.95,9511.25,9336.5,9490.1,837911425,37761.91
5/29/2020,9422.2,9598.85,9376.9,9580.3,967005438,45006.25
06-01-2020,9726.85,9931.6,9706.95,9826.15,794183122,38096.92
06-02-2020,9880.85,9995.6,9824.05,9979.1,770192848,36723.11
06-03-2020,10108.3,10176.2,10035.55,10061.55,794664422,38343.61
06-04-2020,10054.25,10123.85,9944.25,10029.1,775106567,36399.04
06-05-2020,10093.8,10177.8,10040.75,10142.15,987122302,37824.63
06-08-2020,10326.75,10328.5,10120.25,10167.45,936485541,37819.06
06-09-2020,10181.15,10291.15,10021.45,10046.65,754217460,36201.05
06-10-2020,10072.6,10148.75,10036.85,10116.15,632383068,28485.47
06-11-2020,10094.1,10112.05,9885.05,9902,715453486,30813.85
06-12-2020,9544.95,9996.05,9544.35,9972.9,796306399,36505.77
6/15/2020,9919.35,9943.35,9726.35,9813.7,716053036,31926.65
6/16/2020,10014.8,10046.15,9728.5,9914,899895044,36257.89
6/17/2020,9876.7,10003.6,9833.8,9881.15,685418390,30700.69
6/18/2020,9863.25,10111.2,9845.05,10091.65,622895963,28594.32
6/19/2020,10119,10272.4,10072.65,10244.4,892096343,48103.56
6/22/2020,10318.75,10393.65,10277.6,10311.2,685385093,35529.8
6/23/2020,10347.95,10484.7,10301.75,10471,669195109,34148.13
6/24/2020,10529.25,10553.15,10281.95,10305.3,854799801,41394.45
6/25/2020,10235.55,10361.8,10194.5,10288.9,994190886,41726.07
6/26/2020,10378.9,10409.85,10311.25,10383,671910159,31841.68
6/29/2020,10311.95,10337.95,10223.6,10312.4,574544482,27019.46
6/30/2020,10382.6,10401.05,10267.35,10302.1,556238560,27342.55
07-01-2020,10323.8,10447.05,10299.6,10430.05,573550127,28736.28
07-02-2020,10493.05,10598.2,10485.55,10551.7,597423931,31235.17
07-03-2020,10614.95,10631.3,10562.65,10607.35,525190704,25186.39
07-06-2020,10723.85,10811.4,10695.1,10763.65,571212914,29857.54
07-07-2020,10802.85,10813.8,10689.7,10799.65,636764929,36502.37
07-08-2020,10818.65,10847.85,10676.55,10705.75,767941333,37676.34
07-09-2020,10755.55,10836.85,10733,10813.45,618652409,31315.87
07-10-2020,10764.1,10819.4,10713,10768.05,590705425,31557.58
7/13/2020,10851.85,10894.05,10756.05,10802.7,554050579,30606.3
7/14/2020,10750.85,10755.65,10562.9,10607.35,532368699,30902.47
7/15/2020,10701,10827.45,10577.75,10618.2,715901258,42376.03
7/16/2020,10706.2,10755.3,10595.2,10739.95,694402635,41453.95
7/17/2020,10752,10933.45,10749.65,10901.7,676881092,35592.83
7/20/2020,10999.45,11037.9,10953,11022.2,554306867,32738.64
7/21/2020,11126.1,11179.55,11113.25,11162.25,771998838,42461.89
7/22/2020,11231.2,11238.1,11056.55,11132.6,765074288,41068.72
7/23/2020,11135,11239.8,11103.15,11215.45,621575333,32744.93
7/24/2020,11149.95,11225.4,11090.3,11194.15,678935175,40217.17
7/27/2020,11225,11225,11087.85,11131.8,588148687,34539.73
7/28/2020,11154.1,11317.75,11151.4,11300.55,683891350,38677.47
7/29/2020,11276.9,11341.4,11149.75,11202.85,600726301,38726.02
7/30/2020,11254.3,11299.95,11084.95,11102.15,677761342,39150.44
7/31/2020,11139.5,11150.4,11026.65,11073.45,642560311,36220.09
08-03-2020,11057.55,11058.05,10882.25,10891.6,680929323,31149.94
08-04-2020,10946.65,11112.25,10908.1,11095.25,625738313,35357.96
08-05-2020,11155.75,11225.65,11064.05,11101.65,667639446,34894.58
08-06-2020,11185.7,11256.8,11127.3,11200.15,600374615,31501.08
08-07-2020,11186.65,11231.9,11142.05,11214.05,452629891,27054.43
08-10-2020,11270.25,11337.3,11238,11270.15,491999534,29108.25
08-11-2020,11322.25,11373.6,11299.15,11322.5,586084846,30314.89
08-12-2020,11289,11322,11242.65,11308.4,609858960,28088.09
8/13/2020,11334.85,11359.3,11269.95,11300.45,562355175,26500.52
8/14/2020,11353.3,11366.25,11111.45,11178.4,645109756,31059.23
8/17/2020,11248.9,11267.1,11144.5,11247.1,633963958,27468.67
8/18/2020,11259.8,11401.7,11253.15,11385.35,579242492,27267.51
8/19/2020,11452.15,11460.35,11394.1,11408.4,626217997,27528.12
8/20/2020,11317.45,11361.45,11289.8,11312.2,791587770,27676.18
8/21/2020,11409.65,11418.5,11362.2,11371.6,668719170,26294.26
8/24/2020,11412,11497.25,11410.65,11466.45,532900535,28920.84
8/25/2020,11513.1,11525.9,11423.35,11472.25,638152608,28742.82
8/26/2020,11512.85,11561.75,11461.85,11549.6,743442521,34852.01
8/27/2020,11609.3,11617.35,11540.6,11559.25,719776490,31580.61
8/28/2020,11602.95,11686.05,11589.4,11647.6,806997707,39349.92
8/31/2020,11777.55,11794.25,11325.85,11387.5,1371789450,61668.55
09-01-2020,11464.3,11553.55,11366.9,11470.25,783769555,36752.54
09-02-2020,11478.55,11554.75,11430.4,11535,593494423,27454.65
09-03-2020,11566.2,11584.95,11507.65,11527.45,607115212,26868.26
09-04-2020,11354.4,11452.05,11303.65,11333.85,681338905,31746.86
09-07-2020,11359.6,11381.15,11251.7,11355.05,560322964,25959.82
09-08-2020,11378.55,11437.25,11290.45,11317.35,572239350,27979.7
09-09-2020,11218.6,11298.15,11185.15,11278,728880693,32660.67
09-10-2020,11363.3,11464.05,11327.4,11449.25,679419973,39239.1
09-11-2020,11447.8,11493.5,11419.9,11464.45,554789157,29614.09
9/14/2020,11540.15,11568.9,11383.55,11440.05,642270123,33996.94
9/15/2020,11487.2,11535.95,11442.25,11521.8,506667239,28054.51
9/16/2020,11538.45,11618.1,11516.75,11604.55,527804775,27629.71
9/17/2020,11539.4,11587.2,11498.5,11516.1,517729494,29674.95
9/18/2020,11584.1,11584.1,11446.1,11504.95,764154094,48698.68
9/21/2020,11503.8,11535.25,11218.5,11250.55,602851737,37213.23
9/22/2020,11301.75,11302.2,11084.65,11153.65,672249921,36296.49
9/23/2020,11258.75,11259.55,11024.4,11131.85,714925847,35542.98
9/24/2020,11011,11015.3,10790.2,10805.55,706139506,33623.71
9/25/2020,10910.4,11072.6,10854.85,11050.25,559597322,31122.18
9/28/2020,11140.85,11239.35,11099.85,11227.55,472777324,24361.17
9/29/2020,11288.6,11305.4,11181,11222.4,498295735,26875.14
9/30/2020,11244.45,11295.4,11184.55,11247.55,499343849,28134.77
10-01-2020,11364.45,11428.6,11347.05,11416.95,447740006,26212.72
10-05-2020,11487.8,11578.05,11452.3,11503.35,530597393,31341.55
10-06-2020,11603.45,11680.3,11564.3,11662.4,561444728,30373.65
10-07-2020,11679.25,11763.05,11629.35,11738.85,513367516,32935.98
10-08-2020,11835.4,11905.7,11791.15,11834.6,608768573,38677.49
10-09-2020,11852.05,11938.6,11805.2,11914.2,611079482,34546.8
10-12-2020,11973.55,12022.05,11867.2,11930.95,522627571,26586.47
10/13/2020,11934.65,11988.2,11888.9,11934.5,458304851,29403.22
10/14/2020,11917.4,11997.2,11822.15,11971.05,569245407,29940.62
10/15/2020,12023.45,12025.45,11661.3,11680.35,608865041,35175.92
10/16/2020,11727.4,11789.75,11667.85,11762.45,555764762,30439.19
10/19/2020,11879.2,11898.25,11820.4,11873.05,541420990,29888.6
10/20/2020,11861,11949.25,11837.25,11896.8,453560934,28367.34
10/21/2020,11958.55,12018.65,11775.75,11937.65,623658140,37477.13
10/22/2020,11890,11939.55,11823.45,11896.45,544901152,33013.17
10/23/2020,11957.9,11974.55,11908.75,11930.35,502340361,27424.61
10/26/2020,11937.4,11942.85,11711.7,11767.75,519815905,29316.02
10/27/2020,11807.1,11899.05,11723,11889.4,616318543,37989.97
10/28/2020,11922.6,11929.4,11684.85,11729.6,704018608,37025.89
10/29/2020,11633.3,11744.15,11606.45,11670.8,554959844,30436.62
10/30/2020,11678.45,11748.95,11535.45,11642.4,553672805,28151.58
11-02-2020,11697.35,11725.65,11557.4,11669.15,568434165,35714.57
11-03-2020,11734.45,11836.2,11723.3,11813.5,674303605,36363.95
11-04-2020,11783.35,11929.65,11756.4,11908.5,667290347,38552.09
11-05-2020,12062.4,12131.1,12027.6,12120.3,632455414,32311.46
11-06-2020,12156.65,12280.4,12131.85,12263.55,576837602,34965.94
11-09-2020,12399.4,12474.05,12367.35,12461.05,553449924,34255.11
11-10-2020,12556.4,12643.9,12475.25,12631.1,847450692,51247.01
11-11-2020,12680.6,12769.75,12571.1,12749.15,880475468,54744.55
11-12-2020,12702.15,12741.15,12624.85,12690.8,622017762,36794.24
11/13/2020,12659.7,12735.95,12607.7,12719.95,513948665,34568.65
11/14/2020,12823.35,12828.7,12749.45,12780.25,107868139,5189.38
11/17/2020,12932.5,12934.05,12797.1,12874.2,707676873,40977.03
11/18/2020,12860.1,12948.85,12819.35,12938.25,731321438,39856.45
11/19/2020,12839.5,12963,12745.75,12771.7,768751782,44747.08
11/20/2020,12813.4,12892.45,12730.25,12859.05,663997267,42992.15
11/23/2020,12960.3,12968.85,12825.7,12926.45,633117401,42031.38
11/24/2020,13002.6,13079.1,12978,13055.15,571864976,37094.23
11/25/2020,13130,13145.85,12833.65,12858.4,679005507,37401.36
11/26/2020,12906.45,13018,12790.4,12987,549798925,34624.15
11/27/2020,13012.05,13035.3,12914.3,12968.95,1162360673,78522.93
12-01-2020,13062.2,13128.4,12962.8,13109.05,583633902,32917.26
12-02-2020,13121.4,13128.5,12983.55,13113.75,717711761,34008.74
12-03-2020,13215.3,13216.6,13107.9,13133.9,713688035,39627.71
12-04-2020,13177.4,13280.05,13152.85,13258.55,640514315,36428.05
12-07-2020,13264.85,13366.65,13241.95,13355.75,591722966,33578.64
12-08-2020,13393.85,13435.45,13311.05,13392.95,543165361,33755.81
12-09-2020,13458.1,13548.9,13449.6,13529.1,502605319,28726.97
12-10-2020,13488.5,13503.55,13399.3,13478.3,553402501,30400.2
12-11-2020,13512.3,13579.35,13402.85,13513.85,787707481,33696.57
12/14/2020,13571.45,13597.5,13472.45,13558.15,558390043,28133.58
12/15/2020,13547.2,13589.65,13447.05,13567.85,497600393,30828.33
12/16/2020,13663.1,13692.35,13606.45,13682.7,462151091,27460.18
12/17/2020,13713.55,13773.25,13673.55,13740.7,416008520,27712.93
12/18/2020,13764.4,13772.85,13658.6,13760.55,519393189,34803.3
12/21/2020,13741.9,13777.5,13131.45,13328.4,687255400,38243.62
12/22/2020,13373.65,13492.05,13192.9,13466.3,696197300,36328.33
12/23/2020,13473.5,13619.45,13432.2,13601.1,458651819,27073.45
12/24/2020,13672.15,13771.75,13626.9,13749.25,471367730,24764.35
12/28/2020,13815.15,13885.3,13811.55,13873.2,403634030,20923.06
12/29/2020,13910.35,13967.6,13859.9,13932.6,439593961,25154.23
12/30/2020,13980.9,13997,13864.95,13981.95,380681073,24633.12
12/31/2020,13970,14024.85,13936.45,13981.75,452410109,26305.82
01-01-2021,13996.1,14049.85,13991.35,14018.5,258090905,15873.75
01-04-2021,14104.35,14147.95,13953.75,14132.9,494999295,28705.09
01-05-2021,14075.15,14215.6,14048.15,14199.5,492475349,30872.87
01-06-2021,14240.95,14244.15,14039.9,14146.25,632323316,34615.55
01-07-2021,14253.75,14256.25,14123.1,14137.35,559173512,33446.47
01-08-2021,14258.4,14367.3,14221.65,14347.25,613472067,37615.19
01-11-2021,14474.05,14498.2,14383.1,14484.75,672878543,40186.21
01-12-2021,14473.8,14590.65,14432.85,14563.45,929566952,44976.12
1/13/2021,14639.8,14653.35,14435.7,14564.85,873956688,44682.93
1/14/2021,14550.05,14617.8,14471.5,14595.6,620194977,37534.37
1/15/2021,14594.35,14617.45,14357.85,14433.7,789557216,39912.18
1/18/2021,14453.3,14459.15,14222.8,14281.3,762043554,41716.22
1/19/2021,14371.65,14546.05,14350.85,14521.15,546108304,33084.79
1/20/2021,14538.3,14666.45,14517.55,14644.7,623069963,34639.36
1/21/2021,14730.95,14753.55,14517.25,14590.35,704646957,41939.04
1/22/2021,14583.4,14619.9,14357.75,14371.9,776750347,45322.54
1/25/2021,14477.8,14491.1,14218.6,14238.9,618631493,42278.39
1/27/2021,14237.95,14237.95,13929.3,13967.5,660711117,40579.24
1/28/2021,13810.4,13898.25,13713.25,13817.55,637871621,39881.82
1/29/2021,13946.6,13966.85,13596.75,13634.6,753206122,46918.29
02-01-2021,13758.6,14336.35,13661.75,14281.2,870529495,51840.22
02-02-2021,14481.1,14731.7,14469.15,14647.85,914965225,58177.74
02-03-2021,14754.9,14868.85,14574.15,14789.95,869477087,49312.35
02-04-2021,14789.05,14913.7,14714.75,14895.65,884686415,47811.8
02-05-2021,14952.6,15014.65,14864.75,14924.25,935629058,54394.63
02-08-2021,15064.3,15159.9,15041.05,15115.8,671242694,40483.96
02-09-2021,15164.15,15257.1,15064.3,15109.3,713279133,41930.72
02-10-2021,15119.05,15168.25,14977.2,15106.5,624791133,40707.97
02-11-2021,15073.25,15188.5,15065.4,15173.3,500122414,30933.44
02-12-2021,15186.2,15243.5,15081,15163.3,571808807,32304.24
2/15/2021,15270.3,15340.15,15243.4,15314.7,455959720,28955.29
2/16/2021,15371.45,15431.75,15242.2,15313.45,648545320,36550.03
2/17/2021,15279.9,15314.3,15170.75,15208.9,504767226,34073.12
2/18/2021,15238.7,15250.75,15078.05,15118.95,770629541,37093.99
2/19/2021,15074.8,15144.05,14898.2,14981.75,712213821,37419.34
2/22/2021,14999.05,15010.1,14635.05,14675.7,609898454,37578.07
2/23/2021,14782.25,14854.5,14651.85,14707.8,744092809,39508.09
2/24/2021,14729.15,15008.8,14723.05,14982,403754669,23723.99
2/25/2021,15079.85,15176.5,15065.35,15097.35,803883875,42983.07
2/26/2021,14888.6,14919.45,14467.75,14529.15,1103644519,65012.96
03-01-2021,14702.5,14806.8,14638.55,14761.55,507302977,30030.57
03-02-2021,14865.3,14959.1,14760.8,14919.1,621723916,34647.26
03-03-2021,15064.4,15273.15,14995.8,15245.6,544205583,34567.73
03-04-2021,15026.75,15202.35,14980.2,15080.75,534850447,36036.02
03-05-2021,14977.95,15092.35,14862.1,14938.1,640700362,37811.6
03-08-2021,15002.45,15111.15,14919.9,14956.2,580308065,29518.07
03-09-2021,15049.9,15126.85,14925.45,15098.4,675271251,38365.48
03-10-2021,15202.15,15218.45,15100.85,15174.8,404585756,25603.32
03-12-2021,15321.15,15336.3,14953.6,15030.95,493238854,32195.96
3/15/2021,15048.4,15048.4,14745.85,14929.5,467473367,28118
3/16/2021,14996.1,15051.6,14890.65,14910.45,437651327,27975.07
3/17/2021,14946.55,14956.55,14696.05,14721.3,479352147,27983.5
3/18/2021,14855.5,14875.2,14478.6,14557.85,542216908,31339.71
3/19/2021,14471.15,14788.25,14350.1,14744,919178208,49011.27
3/22/2021,14736.3,14763.9,14597.85,14736.4,458997059,27345.02
3/23/2021,14768.55,14878.6,14707,14814.75,474150088,30322.09
3/24/2021,14712.45,14752.35,14535,14549.4,456403503,27868.93
3/25/2021,14570.9,14575.6,14264.4,14324.9,606820996,35350.22
3/26/2021,14506.3,14572.9,14414.25,14507.3,481000845,29423.45
3/30/2021,14628.5,14876.3,14617.6,14845.1,594520567,35117.93
3/31/2021,14811.85,14813.75,14670.25,14690.7,436874691,29741.83
04-01-2021,14798.4,14883.2,14692.45,14867.35,430028476,29585.23
04-05-2021,14837.7,14849.85,14459.5,14637.8,500476690,33885.39
04-06-2021,14737,14779.1,14573.9,14683.5,474211156,31885.97
04-07-2021,14716.45,14879.8,14649.85,14819.05,476382016,35184.96
04-08-2021,14875.65,14984.15,14821.1,14873.8,503728173,34444.56
04-09-2021,14882.65,14918.45,14785.65,14834.85,498347599,35010.36
04-12-2021,14644.65,14652.5,14248.7,14310.8,638475842,43433.24
4/13/2021,14364.9,14528.9,14274.9,14504.8,588666016,40846.57
4/15/2021,14522.4,14597.55,14353.2,14581.45,556851211,40177.25
4/16/2021,14599.6,14697.7,14559,14617.85,568568743,36653.65
4/19/2021,14306.6,14382.3,14191.4,14359.45,503142904,34751.95
4/20/2021,14526.7,14526.95,14207.3,14296.4,456704716,34687.11
4/22/2021,14219.15,14424.75,14151.4,14406.15,516985252,37235.71
4/23/2021,14326.35,14461.15,14273.3,14341.35,476613608,31894.66
4/26/2021,14449.45,14557.5,14421.3,14485,448533329,33156.16
4/27/2021,14493.8,14667.55,14484.85,14653.05,442211685,32181.14
4/28/2021,14710.5,14890.25,14694.95,14864.55,453990807,37650.11
4/29/2021,14979,15044.35,14814.45,14894.9,511466673,41597.37
4/30/2021,14747.35,14855.45,14601.7,14631.1,594744498,40335.86
05-03-2021,14481.05,14673.85,14416.25,14634.15,443410846,32538.97
05-04-2021,14687.25,14723.4,14461.5,14496.5,479657079,34024.77
05-05-2021,14604.15,14637.9,14506.6,14617.85,437261063,28942.47
05-06-2021,14668.35,14743.9,14611.5,14724.8,445281496,31015.95
05-07-2021,14816.85,14863.05,14765.5,14823.15,483677266,33583.37
05-10-2021,14928.25,14966.9,14892.5,14942.35,510598577,31620.64
05-11-2021,14789.7,14900,14771.4,14850.75,616204478,32955.82
05-12-2021,14823.55,14824.05,14649.7,14696.5,620318215,32035.23
5/14/2021,14749.4,14749.65,14591.9,14677.8,602738614,39176.28
5/17/2021,14756.25,14938,14725.35,14923.15,534516176,35571.28
5/18/2021,15067.2,15137.25,15043.7,15108.1,571923125,35634.73
5/19/2021,15058.6,15133.4,15008.85,15030.15,563293717,31100.21
5/20/2021,15042.6,15069.8,14884.9,14906.05,467455658,28002.53
5/21/2021,14987.8,15190,14985.85,15175.3,557730470,31921.76
5/24/2021,15211.35,15256.25,15145.45,15197.7,566722866,32061.04
5/25/2021,15291.75,15293.85,15163.4,15208.45,417323446,26871.99
5/26/2021,15257.05,15319.9,15194.95,15301.45,377682051,26187.83
5/27/2021,15323.95,15384.55,15272.5,15337.85,682374351,48219.93
5/28/2021,15421.2,15469.65,15394.75,15435.65,455582440,32992.08
5/31/2021,15437.75,15606.35,15374,15582.8,435999456,32739.29
06-01-2021,15629.65,15660.75,15528.3,15574.85,409562322,27964.09
06-02-2021,15520.35,15597.45,15459.85,15576.2,428641666,28781.87
06-03-2021,15655.55,15705.1,15611,15690.35,410240584,27519.48
06-04-2021,15712.5,15733.6,15622.35,15670.25,414162241,25363.03
06-07-2021,15725.1,15773.45,15678.1,15751.65,393970049,25411.48
06-08-2021,15773.9,15778.8,15680,15740.1,378164658,24172.13
06-09-2021,15766.3,15800.45,15566.9,15635.35,457855735,26926.49
06-10-2021,15692.1,15751.25,15648.5,15737.75,298297041,23032.9
06-11-2021,15796.45,15835.55,15749.8,15799.35,363011297,24591.69
6/14/2021,15791.4,15823.05,15606.5,15811.85,392862037,28001.5
6/15/2021,15866.95,15901.6,15842.4,15869.25,323262818,22181.26
6/16/2021,15847.5,15880.85,15742.6,15767.55,340191175,22505.95
6/17/2021,15648.3,15769.35,15616.75,15691.4,357649243,26048.47
6/18/2021,15756.5,15761.5,15450.9,15683.35,640821642,42024.55
6/21/2021,15525.85,15765.15,15505.65,15746.5,351530072,22525.89
6/22/2021,15840.5,15895.75,15752.1,15772.75,322237561,24440.47
6/23/2021,15862.8,15862.95,15673.95,15686.95,287536735,23222.94
6/24/2021,15737.3,15821.4,15702.7,15790.45,316662241,29623.58
6/25/2021,15839.35,15870.8,15772.3,15860.35,314614380,26933.22
6/28/2021,15915.35,15915.65,15792.15,15814.7,255099272,18713.41
6/29/2021,15807.5,15835.9,15724.05,15748.45,360334724,24392.13
6/30/2021,15776.9,15839.1,15708.75,15721.5,262386323,20379.76
07-01-2021,15755.05,15755.55,15667.05,15680,224921644,17359.97
07-02-2021,15705.85,15738.35,15635.95,15722.2,254808999,18015.42
07-05-2021,15793.4,15845.95,15762.05,15834.35,207032153,14976.54
07-06-2021,15813.75,15914.2,15801,15818.25,391410742,24456.05
07-07-2021,15819.6,15893.55,15779.7,15879.65,329308646,22259.96
07-08-2021,15855.4,15885.75,15682.9,15727.9,307928495,19597.95
07-09-2021,15688.25,15730.85,15632.75,15689.8,243249366,19976.86
07-12-2021,15766.8,15789.2,15644.75,15692.6,216272488,18482.89
7/13/2021,15794,15820.8,15744.6,15812.35,246676549,18205.97
7/14/2021,15808.7,15877.35,15764.2,15853.95,239924352,18372.84
7/15/2021,15872.15,15952.35,15855,15924.2,284851049,20961.37
7/16/2021,15958.35,15962.25,15882.6,15923.4,276298105,18758.13
7/19/2021,15754.5,15836.9,15707.5,15752.4,242131813,18088.78
7/20/2021,15703.95,15728.45,15578.55,15632.1,274284165,21329.55
7/22/2021,15736.6,15834.8,15726.4,15824.05,265250867,23988.39
7/23/2021,15856.8,15899.8,15768.4,15856.05,294098244,20685.82
7/26/2021,15849.3,15893.35,15797,15824.45,267076679,19487.18
7/27/2021,15860.5,15881.55,15701,15746.45,311012065,26117.34
7/28/2021,15761.55,15767.5,15513.45,15709.4,318601589,26090.48
7/29/2021,15762.7,15817.35,15737.8,15778.45,401584915,29460.54
7/30/2021,15800.6,15862.8,15744.85,15763.05,400021237,30539.63
08-02-2021,15874.9,15892.9,15834.65,15885.15,244847433,20766.99
08-03-2021,15951.55,16146.9,15914.35,16130.75,341289658,26373.24
08-04-2021,16195.25,16290.2,16176.15,16258.8,427337644,32434.78
08-05-2021,16288.95,16349.45,16210.3,16294.6,418174517,31386.78
08-06-2021,16304.4,16336.75,16223.3,16238.2,320087281,24716.17
08-09-2021,16281.35,16320.75,16179.05,16258.25,240452917,18302.03
08-10-2021,16274.8,16359.25,16202.25,16280.1,287989486,22600.38
08-11-2021,16327.3,16338.75,16162.55,16282.25,277895886,20306.59
08-12-2021,16303.65,16375.5,16286.9,16364.4,280181324,18548.87
8/13/2021,16385.7,16543.6,16376.3,16529.1,321866286,27163.08
8/16/2021,16518.4,16589.4,16480.75,16563.05,254049330,21456.2
8/17/2021,16545.25,16628.55,16495.4,16614.6,297388470,25696.44
8/18/2021,16691.95,16701.85,16535.85,16568.85,251796822,22721.54
8/20/2021,16382.5,16509.55,16376.05,16450.5,350819323,30118.23
8/23/2021,16592.25,16592.5,16395.7,16496.45,275597782,24355.77
8/24/2021,16561.4,16647.1,16495.3,16624.6,275362819,24992.32
8/25/2021,16654,16712.45,16617.5,16634.65,265920141,22210.6
8/26/2021,16627.95,16683.7,16603.4,16636.9,253530997,22320.21
8/27/2021,16642.55,16722.05,16565.6,16705.2,217405743,20499.85
8/30/2021,16775.85,16951.5,16764.85,16931.05,283483108,23615.87
8/31/2021,16947.5,17153.5,16915.85,17132.2,464390247,40147.89
09-01-2021,17185.6,17225.75,17055.05,17076.25,301894634,27691.93
09-02-2021,17095.4,17245.5,17059.7,17234.15,242377518,22620.36
09-03-2021,17262.45,17340.1,17212.2,17323.6,261373795,23579.17
09-06-2021,17399.35,17429.55,17345.55,17377.8,228045532,21270.62
09-07-2021,17401.55,17436.5,17287,17362.1,243417811,19848.94
09-08-2021,17375.75,17383.4,17254.2,17353.5,252652423,22696.35
09-09-2021,17312.85,17379.65,17302.7,17369.25,241509352,17719.78
9/13/2021,17363.55,17378.35,17269.15,17355.3,241053924,18498.63
9/14/2021,17420.35,17438.55,17367.05,17380,230354386,18702.82
9/15/2021,17387.65,17532.7,17386.9,17519.45,388191629,24256.8
9/16/2021,17539.2,17644.6,17510.45,17629.5,503310763,30189.77
9/17/2021,17709.65,17792.95,17537.65,17585.15,508285916,43345.58
9/20/2021,17443.85,17622.75,17361.8,17396.9,339102046,25304.27
9/21/2021,17450.5,17578.35,17326.1,17562,363578479,26520.99
9/22/2021,17580.9,17610.45,17524,17546.65,295191136,21772.23
9/23/2021,17670.85,17843.9,17646.55,17822.95,320514486,25005.36
9/24/2021,17897.45,17947.65,17819.4,17853.2,360130853,30787.59
9/27/2021,17932.2,17943.5,17802.9,17855.1,295714657,24244.98
9/28/2021,17906.45,17912.85,17576.1,17748.6,397997281,27055.36
9/29/2021,17657.95,17781.75,17608.15,17711.3,562237732,30621.28
9/30/2021,17718.9,17742.15,17585.35,17618.15,378592721,27167.19
10-01-2021,17531.9,17557.15,17452.9,17532.05,305763919,20911.61
10-04-2021,17615.55,17750.9,17581.35,17691.25,295761839,21343.51
10-05-2021,17661.35,17833.45,17640.9,17822.3,427000191,23066.8
10-06-2021,17861.5,17884.6,17613.15,17646,395833550,24504.3
10-07-2021,17810.55,17857.55,17763.8,17790.35,419890959,27371.98
10-08-2021,17886.85,17941.85,17840.35,17895.2,324066351,22778.68
10-11-2021,17867.55,18041.95,17839.1,17945.95,375756457,29000.2
10-12-2021,17915.8,18008.65,17864.95,17991.95,355568313,26491.42
10/13/2021,18097.85,18197.8,18050.75,18161.75,506679748,34503
10/14/2021,18272.85,18350.75,18248.7,18338.55,538714440,38903.16
10/18/2021,18500.1,18543.15,18445.3,18477.05,469883515,36800.84
10/19/2021,18602.35,18604.45,18377.7,18418.75,368230309,30505.86
10/20/2021,18439.9,18458.3,18209.35,18266.6,371276478,28968.42
10/21/2021,18382.7,18384.2,18048,18178.1,365902008,30839.79
10/22/2021,18230.7,18314.25,18034.35,18114.9,324748084,26938.88
10/25/2021,18229.5,18241.4,17968.5,18125.4,418703647,34572.34
10/26/2021,18154.5,18310.45,18099.3,18268.4,341377869,29764.61
10/27/2021,18295.85,18342.05,18167.9,18210.95,335248487,30823.75
10/28/2021,18187.65,18190.7,17799.45,17857.25,374205784,30222.34
10/29/2021,17833.05,17915.85,17613.1,17671.65,336466864,28136
11-01-2021,17783.15,17954.1,17697.1,17929.65,281190130,24354.38
11-02-2021,17970.9,18012.25,17847.6,17888.95,296441997,23371.51
11-03-2021,17947.95,17988.75,17757.95,17829.2,330995982,26186.85
11-04-2021,17935.05,17947.55,17900.6,17916.8,48520856,3637.06
11-08-2021,18040.2,18087.8,17836.1,18068.55,338919483,30908.23
11-09-2021,18084.35,18112.6,17983.05,18044.25,270197527,23686.09
11-10-2021,17973.45,18061.25,17915,18017.2,261446523,22281.11
11-11-2021,17967.45,17971.35,17798.2,17873.6,232121151,20074.78
11-12-2021,17977.6,18123,17905.9,18102.75,249111898,22164.33
11/15/2021,18140.95,18210.15,18071.3,18109.45,280428633,19099.6
11/16/2021,18127.05,18132.65,17958.8,17999.2,267431829,24101.67
11/17/2021,17939.35,18022.65,17879.25,17898.65,295715938,22950.84
11/18/2021,17890.55,17945.6,17688.5,17764.8,278425148,22625.36
11/22/2021,17796.25,17805.25,17280.45,17416.55,356400425,29570.57
11/23/2021,17281.75,17553.7,17216.1,17503.35,308843255,26240.41
11/24/2021,17550.05,17600.6,17354,17415.05,298052158,23766.93
11/25/2021,17417.3,17564.35,17351.7,17536.25,255947032,21953.33
11/26/2021,17338.75,17355.4,16985.7,17026.45,356330009,28485.53
11/29/2021,17055.8,17160.7,16782.4,17053.95,348888750,27428.2
11/30/2021,17051.15,17324.65,16931.4,16983.2,497999836,41494.9
12-01-2021,17104.4,17213.05,17064.25,17166.9,295542125,24098.73
12-02-2021,17183.2,17420.35,17149.3,17401.65,279867500,22473.64
12-03-2021,17424.9,17489.8,17180.8,17196.7,292526485,23100.57
12-06-2021,17209.05,17216.75,16891.7,16912.25,231716681,17912.15
12-07-2021,17044.1,17251.65,16987.75,17176.7,254144221,21693.69
12-08-2021,17315.25,17484.6,17308.95,17469.75,257791948,21665.95
12-09-2021,17524.4,17543.25,17379.6,17516.85,237170272,18984.75
12-10-2021,17476.05,17534.35,17405.25,17511.3,204467484,16399.53
12/13/2021,17619.1,17639.5,17355.95,17368.25,256560534,20592.03
12/14/2021,17283.2,17376.2,17225.8,17324.9,270965586,20459.79
12/15/2021,17323.65,17351.2,17192.2,17221.4,214972109,17046.42
12/16/2021,17373,17379.35,17184.95,17248.4,219496063,18493.54
12/17/2021,17276,17298.15,16966.45,16985.2,354591366,31326.91
12/20/2021,16824.25,16840.1,16410.2,16614.2,330614079,25123.59
12/21/2021,16773.15,16936.4,16688.25,16770.85,241030834,19783.04
12/22/2021,16865.55,16971,16819.5,16955.45,207946105,17443.94
12/23/2021,17066.8,17118.65,17015.55,17072.6,196965302,15755.89
12/24/2021,17149.5,17155.6,16909.6,17003.75,182564833,15435.01
12/27/2021,16937.75,17112.05,16833.2,17086.25,144777457,12567.03
12/28/2021,17177.6,17250.25,17161.15,17233.25,176026100,14553.76
12/29/2021,17220.1,17285.95,17176.65,17213.6,161679423,14320.79
12/30/2021,17201.45,17264.05,17146.35,17203.95,320831676,21929.19
12/31/2021,17244.5,17400.8,17238.5,17354.05,167025720,14588.54
01-03-2022,17387.15,17646.65,17383.3,17625.7,200456430,16181.36
01-04-2022,17681.4,17827.6,17593.55,17805.25,247437472,18604.16
01-05-2022,17820.1,17944.7,17748.85,17925.25,251460038,23737.31
01-06-2022,17768.5,17797.95,17655.55,17745.9,236454824,22643.82
01-07-2022,17797.6,17905,17704.55,17812.7,239338015,21447.89
01-10-2022,17913.3,18017.45,17879.15,18003.3,232418075,20853.64
01-11-2022,17997.75,18081.25,17964.4,18055.75,220238796,20781.46
01-12-2022,18170.4,18227.95,18128.8,18212.35,244974287,22298.69
1/13/2022,18257,18272.25,18163.8,18257.8,303700545,28670.93
1/14/2022,18185,18286.95,18119.65,18255.75,229451608,21024.51
1/17/2022,18235.65,18321.55,18228.75,18308.1,266702919,23859.38
1/18/2022,18337.2,18350.95,18085.9,18113.05,227507319,20852.67
1/19/2022,18129.2,18129.2,17884.9,17938.4,276662654,25310.19
1/20/2022,17921,17943.7,17648.45,17757,258094246,25863.29
1/21/2022,17613.7,17707.6,17485.85,17617.15,277645373,25941.64
1/24/2022,17575.15,17599.4,16997.85,17149.1,323847388,28387.73
1/25/2022,17001.55,17309.15,16836.8,17277.95,326515896,31344.46
1/27/2022,17062,17182.5,16866.75,17110.15,395596577,36296.64
1/28/2022,17208.3,17373.5,17077.1,17101.95,355284285,29799.89
1/31/2022,17301.05,17410,17264.15,17339.85,321660346,25474.13
02-01-2022,17529.45,17622.4,17244.55,17576.85,386391485,30033.66
02-02-2022,17706.2,17794.6,17674.8,17780,271205907,23611.59
02-03-2022,17767.75,17781.15,17511.15,17560.2,226614989,20373.06
02-04-2022,17590.2,17617.8,17462.55,17516.3,261434170,20651.85
02-07-2022,17456.3,17536.75,17119.4,17213.6,265037933,21925.11
02-08-2022,17279.85,17306.45,17043.65,17266.75,268526210,23846.16
02-09-2022,17370.1,17477.15,17339,17463.8,236350514,19327.67
02-10-2022,17554.1,17639.45,17427.15,17605.85,273606440,22210.93
02-11-2022,17451,17454.75,17303,17374.75,253141660,23230.82
2/14/2022,17076.15,17099.5,16809.65,16842.8,305510740,24976.16
2/15/2022,16933.25,17375,16839.25,17352.45,298658142,24765.67
2/16/2022,17408.45,17490.6,17257.7,17322.2,244549223,21128.38
2/17/2022,17396.55,17442.9,17235.85,17304.6,232136131,19381.26
2/18/2022,17236.05,17380.8,17219.2,17276.3,189620888,16126.96
2/21/2022,17192.25,17351.05,17070.7,17206.65,215183301,18725.57
2/22/2022,16847.95,17148.55,16843.8,17092.2,300131995,24040.84
2/23/2022,17194.5,17220.7,17027.85,17063.25,200229631,17662.47
2/24/2022,16548.9,16705.25,16203.25,16247.95,457967874,36650.83
2/25/2022,16515.65,16748.8,16478.3,16658.4,329780732,25743.77
2/28/2022,16481.6,16815.9,16356.3,16793.9,404214666,33831.57
03-02-2022,16593.1,16678.5,16478.65,16605.95,517723542,39407.44
03-03-2022,16723.2,16768.95,16442.95,16498.05,442068263,31413
03-04-2022,16339.45,16456,16133.8,16245.35,456143040,34821.1
03-07-2022,15867.95,15944.6,15711.45,15863.15,585403660,38038.75
03-08-2022,15747.75,16028.75,15671.45,16013.45,543600673,38704.4
03-09-2022,16078,16418.05,15990,16345.35,462231428,35329.34
03-10-2022,16757.1,16757.3,16447.9,16594.9,486445481,35513.73
03-11-2022,16528.8,16694.4,16470.9,16630.45,343717045,24720.34
3/14/2022,16633.7,16887.95,16606.5,16871.3,314669685,23824.02
3/15/2022,16900.65,16927.75,16555,16663,381631902,29731.09
3/16/2022,16876.65,16987.9,16837.85,16975.35,259973396,21361.32
3/17/2022,17202.9,17344.6,17175.75,17287.05,448335248,35367.28
3/21/2022,17329.5,17353.35,17096.4,17117.6,285451208,22886.39
3/22/2022,17120.4,17334.4,17006.3,17315.5,338263468,27347.6
3/23/2022,17405.05,17442.4,17199.6,17245.65,292120348,24705.28
3/24/2022,17094.95,17291.75,17091.15,17222.75,290280124,25011.72
3/25/2022,17289,17294.9,17076.55,17153,237115741,20031.39
3/28/2022,17181.85,17235.1,17003.9,17222,253240837,19976.26
3/29/2022,17297.2,17343.65,17235.7,17325.3,235149625,20305.78
3/30/2022,17468.15,17522.5,17387.2,17498.25,505031841,28907.47
3/31/2022,17519.2,17559.8,17435.2,17464.75,281111679,24032.07
04-01-2022,17436.9,17703.7,17422.7,17670.45,291773447,21132.13
04-04-2022,17809.1,18114.65,17791.4,18053.4,345526502,38623.94
04-05-2022,18080.6,18095.45,17921.55,17957.4,283453612,25096.7
04-06-2022,17842.75,17901,17779.85,17807.65,328824420,24252.48
04-07-2022,17723.3,17787.5,17623.7,17639.55,308840215,26236.91
04-08-2022,17698.15,17842.75,17600.55,17784.35,274447433,25608.1
04-11-2022,17740.9,17779.05,17650.95,17674.95,251701846,21001.58
04-12-2022,17584.85,17595.3,17442.35,17530.3,266029060,23958.77
4/13/2022,17599.9,17663.65,17457.4,17475.65,245061941,20229.83
4/18/2022,17183.45,17237.75,17067.85,17173.65,376130248,30154.62
4/19/2022,17258.95,17275.65,16824.7,16958.65,401399563,35467.13
4/20/2022,17045.25,17186.9,16978.95,17136.55,286069736,25972.15
4/21/2022,17234.6,17414.7,17215.5,17392.6,285200022,24999.9
4/22/2022,17242.75,17315.3,17149.2,17171.95,262739740,23371.7
4/25/2022,17009.05,17054.3,16888.7,16953.95,275685925,22699.65
4/26/2022,17121.3,17223.85,17064.45,17200.8,261065753,22079.92
4/27/2022,17073.35,17110.7,16958.45,17038.4,265140480,25373.8
4/28/2022,17189.5,17322.5,17071.05,17245.05,312914417,28488.87
4/29/2022,17329.25,17377.65,17053.25,17102.55,336243642,29582.86
05-02-2022,16924.45,17092.25,16917.25,17069.1,278155513,21222.64
05-04-2022,17096.6,17132.85,16623.95,16677.6,310632799,27405.52
05-05-2022,16854.75,16945.7,16651.85,16682.65,265793403,21792.91
05-06-2022,16415.55,16484.2,16340.9,16411.25,300527719,25472.95
05-09-2022,16227.7,16403.7,16142.1,16301.85,288402950,23274.74
05-10-2022,16248.9,16404.55,16197.3,16240.05,283061200,22685.27
05-11-2022,16270.05,16318.75,15992.6,16167.1,284294438,22994.38
05-12-2022,16021.1,16041.95,15735.75,15808,314921678,25352.34
5/13/2022,15977,16083.6,15740.85,15782.15,369135540,27454.12
5/16/2022,15845.1,15977.95,15739.65,15842.3,217646558,17852.19
5/17/2022,15912.6,16284.25,15900.8,16259.3,295687774,22782.99
5/18/2022,16318.15,16399.8,16211.2,16240.3,290441105,23889.84
5/19/2022,15917.4,15984.75,15775.2,15809.4,313876082,24340.84
5/20/2022,16043.8,16283.05,16003.85,16266.15,252402013,22806.69
5/23/2022,16290.95,16414.7,16185.75,16214.7,293829853,25110.85
5/24/2022,16225.55,16262.8,16078.6,16125.15,249778296,21895.75
5/25/2022,16196.35,16223.35,16006.95,16025.8,243342347,21400.14
5/26/2022,16105,16204.45,15903.7,16170.15,314305739,27721.21
5/27/2022,16296.6,16370.6,16221.95,16352.45,274064956,21341.98
